filename,label
Y3K7JETF,2
W6HOIV84,1
UT7X0FXK,2
396IEJUQ,1
ETWR1EHV,1
ABFHF6IS,1
VALUIH3U,1
L4E647N4,1
QD7Z5QW3,1
U5E9HCT5,1
N5GO9DNK,2
0NZTS94B,2
ZARSYE33,1
ZJ4YQ5UX,1
EBOQBQOS,1
SV7DS3GV,1
DKNTZ7FT,2
JBR5IBJ9,1
CM6WFMO5,1
BUS25ESI,1
5EHDFDTH,1
SGMFYYCG,1
NLJMGBYP,2
KV82CMQI,2
N41AT964,2
GYQBSAVK,1
DRDHJ6HF,1
IZ14YZ4G,1
8PEAKOCI,2
EVZ6LJAB,2
P6NZPQD1,1
WQ7B250F,1
0CRF1O21,2
6HBYV0NS,1
FGZCZT70,2
B937J288,1
ISWNCRH8,1
7TNT2271,2
XD43MXTB,2
TT7B7RP0,2
B46YGS3L,2
LS0Q8K3T,2
3P4WJ4P1,1
74ZSGQDK,2
YN2KAEGK,2
46VA0KEN,2
VLDGAMGO,1
JPRQIFE0,2
AHDBEL1F,1
L7RQKTV6,2
1U5X7ACG,1
9LB0IO5B,1
EOVBL8XN,2
NWQ28F9D,2
XICWY66L,1
L9YEWPAF,2
Z0YUHOJX,2
9SO2QAX7,2
FBLMOEQG,2
U1HMRKW2,2
8VTGHOV3,1
HXR72FT6,1
US4BCNTC,1
MB2BMZOI,2
S16V5U0I,1
CHH30T5W,2
99QCSHHK,2
KXVEFY8Z,1
GH5P49NA,2
53GV2FY2,1
V1OF47RQ,1
CIQNALBF,2
0QM8GZZR,2
H5IOVEPL,2
QA3FJR5F,1
1KWGY2WJ,2
H01QLSJD,2
T2SLOA85,1
8O9UDND2,2
EBTJSORZ,2
UQKEAB4V,1
K3O62C87,2
PZ0JPWL8,2
81A3NHUB,2
FEKMYX3S,1
NYAZT5AG,1
EB8ZNHNP,2
0YZAVSXO,1
S0PC1BU7,2
H16S9L1R,2
V1LZM7V9,2
LJXY2SA1,1
B47SDM58,2
R0EC8JVB,1
GQNWE5V4,2
6LMX5VEK,1
2W07QP7A,1
OJ5X2UXP,2
PD9UA2RZ,2
SGJ0V98L,1
BFMJFDPW,1
2RXT8UQR,1
MBYJQEKW,2
8XO18JLS,2
2XIIN25R,2
EULJQH7P,1
7SHC8DHY,1
8N1FBYTQ,2
6WH2MEKA,1
SXI7CJ1Z,2
02XUVISG,1
C38A528J,2
1A26G3IE,1
YLNHDCCL,2
C120RDZI,2
1KPWXKX5,2
AIJ1PRFP,2
2UM2WVOK,2
RE31VKEQ,2
GGUZYZTU,1
6FIXVBQY,2
MRI0UIMH,1
8SREMCF8,1
6242LMJD,2
SU9AXKQ5,2
0FHOEJAF,2
BDW5VSDD,2
VC660MJI,1
2F8R6L7V,1
GKOVUB58,2
Q7ZIIY5R,1
4JKBJEY4,1
DIJZDEAQ,1
Y3HGVWL9,1
RILDTOIT,2
0X84VBXN,2
W4S5LV98,1
RTKSKKD1,2
MP8GDS2X,2
9GBXCJ9V,1
ZK30IFK9,2
AH0NT7GJ,2
A19H68GK,2
XXJ0R44K,1
IIELQN25,1
DK1X24Z8,1
50YK4E6N,2
38D9ZRM5,1
PH9DXC0P,1
YLO8G5N0,1
A3RNZ0NK,2
NAK868PK,1
GVTLPFQ5,1
JWI0JS7G,1
OHZ6KJ35,1
KF9AT9XH,2
2DF0MMZE,2
N0AGTNV8,1
9A3USGGX,2
5H1ZUCE9,1
AYWHXS19,2
BRHKHRO0,1
Q5L8O1X7,2
BNEKZTCO,2
MHB1MLNR,1
5JIUW787,2
7MRMBOG3,1
YV6Q3211,1
65QRBSBQ,1
HF6YPIXV,2
ADU06J5U,2
07GHRJHY,2
NN0YWKLH,2
IZFAEJSA,1
SMOY8B0S,2
C7HKK8BY,1
HPOEXYH1,1
WBL27577,2
W26TUF3S,1
QS72XQRX,1
AQ7SXBU2,2
THTTZK8C,2
TSBQHGLC,1
50ZKLA0P,2
ZLUV1WT5,2
D7IHN4QE,1
RPW7OD1M,1
1O38ZFW1,1
MQS73861,1
H2J2LGS2,2
GKZIXUG6,1
KCN2GQVH,1
1J6UYSHL,1
L6A9OCWX,2
G0LC7J93,1
8IZILBUR,1
L8AEFPW9,1
NVQAZYA7,2
Y8MQE4LU,2
EMRMI7WH,2
9ROJ43D9,2
QSM70VMD,1
AQSSX0J4,2
X3WKUXRT,2
K3YBTICT,2
2GK3USXE,2
P595CSQD,1
RZS1CXOC,2
0XCEW0TW,2
O9K2H9K2,2
AJNLX7ID,2
NG8TPU5A,1
4AGAZKE3,2
OV1ONVH3,2
NVIPFKYK,2
1DFX7EGB,1
0ADRKX2Q,2
YP9UZXE3,1
H304111L,1
BESRI9RY,2
VP8QY75W,1
T89X3479,2
YIMWJ7HU,2
8RQSRWYQ,2
91WWXY0K,2
75EB0QZE,2
DGFNBTOO,2
G98ZN6S5,2
FUSJYF0G,1
VVBXFQ90,2
V8JLK24P,1
OK727695,2
FIPGYJQ5,2
Z8HPXTOA,2
S3M051LM,2
C6VUI61Y,1
DYS9V3IY,2
T3ZIF8OD,1
MEXM07UZ,2
TEKNFB34,2
6PWXPBUG,2
K8IZ2GO9,1
1E2IEA59,2
YWCWPB0Q,1
41IFI38X,2
34M78A2I,2
YP20FFM4,1
4YUV5C5L,2
NHN5MGVL,1
ZTJI3GP5,2
ABKIGB8U,2
WAMSOBMF,2
L4D7751P,2
2AAMP900,2
QBGE5BWK,1
9HY1GW6X,2
ZM5JX5MM,2
WXPP534L,2
4QVG5RNV,1
G0ECZWSJ,2
0PRD6496,1
1PWE5UOZ,2
XZ2FYFW5,1
N7MU41JZ,2
6V4KE87X,2
L6MP6BQ4,1
T0UEVXZA,2
28LZ97JS,1
8ZRVH5OH,2
04EKLNVB,1
Q5ZZMTVK,2
TGDOSZ6N,1
RRBC81AI,1
EPB0YITF,2
MHEULG26,1
YUOT2UX3,1
5IU2CAV8,2
8NTVWG4T,1
CDFQLKTO,2
YA8PD8BK,2
7BZB952U,2
GJI6MCPZ,2
ZJ5VMI5V,1
3S9MXJ33,1
ND0V8KWK,1
FWCXDFVB,1
8V4IS2D8,2
NO3T5SI5,1
IA5TWOYI,1
ZKDXVNHO,2
QDL3OILK,1
T86LN31O,2
F7PKJQ8C,1
7QQLMZZ2,1
WWGA1COG,1
ML1RACQN,2
FJH50849,1
G44FF7QJ,1
N1Y6IPJ6,2
F3VQFSBB,2
SFMVY9Z1,1
HIX184DR,2
JD3TXBNM,2
3OROH33B,2
4Z9ZH9KN,1
J1GQOW0C,2
I4RML5EU,2
LHXMCT2E,1
Q3VGSXRH,1
1LCVPS9K,2
TEE2BI72,2
IKJ8NSC3,1
GVVS7DOB,2
ZBHSHOZX,1
LF1S7CQB,1
HJFTZM50,1
MPCISLOQ,2
JLXFSRUR,1
4ZQCYB4H,1
WBQRET8J,1
VV45SJ5V,1
LBO24EGQ,1
694LU0P7,1
6Q8UP6FK,2
UIC13F8W,1
XZB34KVW,1
X24ZB8NS,2
4VM1EHNN,1
W0VP70VY,1
45RLMUNK,1
WZMO38JB,1
Y9CLRGTP,2
FZR1PT2M,2
3IFWXCM8,1
J7I3C0AD,2
JZJVE1YW,1
9OCE2W8C,1
CHL1YCOJ,1
3K38HU9B,1
KVYE9VXG,2
KDY57RN5,2
OSKEK5XQ,2
CJ1V6ZDJ,1
SP8LJ5AI,2
SB2K3U0O,2
2565DIM7,1
MI9271QS,1
QINYL2IK,1
2HOBPFY8,1
T7FCIWJF,1
3ELCWQBH,2
4IXU151A,2
ATG9G9Z6,1
L418CL2Q,1
RTIA94BF,1
BCQKC3BO,2
JQH5HGDT,1
MEMQXFRM,2
KQWBNHK6,2
CUC0RFSH,2
OJ1TGGWH,1
OMLJ7WKN,2
IGWTG6HJ,1
I0LRMCXI,1
APHX5G54,2
T6J8IKJT,1
S0QLZMEJ,1
32BHOXR0,2
8MMF7QKH,1
XVPA4XXH,1
L2BTENGH,2
E75RD1BW,2
NR4CNJUH,2
R78K7OUC,1
T7O5AQ6Y,2
VGYBUUUO,1
4Z30TFRW,2
XUS9RQXX,2
4AINEX5Q,1
W78A7OLW,2
5R863J97,1
EH2MXGM9,2
Y9EUGSXW,2
U5URZAE8,2
PNR45HSI,1
1S5GL807,2
0V32RPGK,2
SJJYVJ37,1
Y88KZ0TJ,1
4HWDFJDJ,1
K7DMANES,2
HHM7815J,2
OYWVHL7V,2
4NKYFJFY,2
Q5DBHXX4,2
FTHKDPMD,1
6AVBNT2T,1
ZS8FS7PX,2
U021RVZC,1
BQUDR3M5,2
QCVB9IAN,2
BO0F9NZC,2
HFC18NFZ,2
PW66NWUP,2
FRAE5CW9,1
0QD4ZGZ7,2
QZ8I1548,1
JX2HKTWM,2
AXBAZ98Z,2
739VQ287,1
JPCOP8SB,1
53WVDVO7,2
ENUU8B8W,2
XC191B5T,1
E7EFSVV0,1
NC7O8R81,2
MPHEOO40,2
9SZZ88YZ,2
GKIRV35W,2
V611UDS4,1
B6ECULRE,1
8GDN0O0X,1
2ZIM6R1G,2
L01SCV0S,1
CR0OKYDC,2
4660V2K6,2
HQ35YEBX,1
EBFVZZD4,1
3FM2780Y,1
MPVIQ94I,1
V3K0MVHR,2
19ME64Q2,1
FA753HQZ,1
PU61CSCN,2
DUA44RNR,1
CKQCBH28,2
AMEX36DH,1
SIBTYM8B,1
PZ0NDUGM,1
ZOMZHKQT,1
8O19LJ1F,1
49BE20D1,1
UIDYFHN9,2
XQCEU1H5,1
8WE1CQ5P,2
2HWO28DH,2
SHH11LHQ,2
HFOFJP1J,1
ZR8MAAUE,1
G3HE8HHR,1
SQ3TYI1J,2
2VXH3RQA,2
SUW6SGMO,2
80DBOGKL,2
LR1TMGJ5,1
T83ECB17,1
9TL89BND,2
N7AX0SI3,1
5VLD4V5R,1
9GPXJ1PQ,1
3L2LNWAW,2
9NVIUIY1,2
F4R6AICY,1
86N7LG7D,2
E3UMNV3R,2
EOVQLWKC,2
ZUDBZBV2,1
0MT9E3ZD,2
YJ4NOM2X,1
65A3VHVH,2
9IODP7AY,1
Y888565Z,1
47IVBLNP,2
DN60GNW1,2
LDFRQ2KI,1
QIDHN8Q0,1
1Y1S1W59,1
J8CQE6GF,1
F7UAPL18,2
7JZWWEJB,2
JWLHRW5C,2
M6V4PKGC,1
B3P5SY5J,2
0JXJGJZY,2
GHF29KY9,2
NTT9U7MN,2
7TGEZRLD,1
YIETV4V9,2
H9A2HY48,2
42A2XAU1,2
C25FR8D5,2
SHPJW2CD,1
RMNI37AW,1
VPNKC5VZ,2
S4U0WWN1,2
SPFRUM5D,2
BC10F2MN,1
T0HWK6NI,1
LBDCLSZ0,1
3XJL3JSH,2
R3WU0OU3,2
0FTR3H2M,1
K3DUHARQ,1
WSR9JCDZ,1
OF3STX6Q,1
CG3J3N15,2
CXJXVXWY,2
1IB7U1NC,2
RTHC76HH,1
I8LZBBN4,1
EFC7U9BJ,1
OZ32X1ZM,2
2XHVINLI,2
7BO4HWRE,2
LVXG39NA,2
9E75N3AW,1
YHWX45ML,2
WWAYUXGF,2
L23HK7LK,2
TYB7N095,1
PL87C7UN,2
ZI1CO4D0,1
QWFF1HVC,2
ZHUO68Q1,2
1L8DON42,2
0UP22SSB,1
3XQ9A5YT,2
JYY5HCEC,1
LW3MBREF,1
E8QVHAPP,2
J19U45EW,1
J9O5UQRO,1
1ZTJ3T27,1
SNOHBXMD,1
L9SLKUHW,2
UV3X2E4B,1
1WM2QZBJ,2
4BM8UPMG,1
1TX627FK,2
9JP95FL2,1
BDHB27YS,2
Z9K0FHQN,2
U0I2BF4D,2
TA4BHEWP,2
V08KG79P,1
025HR34O,2
YOLT8CNE,1
HWBIR1QP,1
NBNYZII7,1
PSNZLY44,2
F4POHT2R,2
TW3SGVTE,2
O5SOZ6IC,1
K3FMFQH5,1
49IKBNY4,1
GNDKSIEM,2
6D6MMU3N,1
VTVVLV07,2
GJ20RG6A,1
DKMKOSQR,1
G0D4GZ99,2
FJWOMISD,2
XGPIOQ4P,1
EXHZGSA8,2
6WT3SB4H,2
4YBM0BUD,2
T7VWV15M,2
KFY3PIES,2
9MJSPAI3,2
YI6FDNFX,2
LG4BTT5Z,2
19HS6AZC,2
N7XY9RXL,2
3L8TR3FF,1
9IMXYQDT,1
HOZVE1HB,2
UTBDOX5D,1
MJB6M1JO,1
GBB1UG17,2
OT1P03VS,1
39OK1RPF,2
6QFD40ER,1
PAVW3WDL,2
HTQ3YISD,1
G1W6B43G,1
9REEMDHV,1
JP9YDTTG,2
RT5C4OWD,2
BKZO2WJ9,2
PCMT5JJ2,1
3VM593N7,1
GH38WYRP,2
RUMUZIG9,1
FM23HRGR,1
OZZU5HBC,1
UJ1TABMD,1
4H4TZ20T,2
NETNDMYV,2
FSUYJVWV,1
3ZRGZD0U,2
ZTX4OK68,1
56CQTF2C,2
J7UA0CMR,1
A67CEEJ5,1
MY5DGFTY,2
R58CZ13V,1
4OSS97LG,2
J2WMFHEC,1
NM5DY0K5,1
7R3IEI9U,1
4KZF3DE8,2
EBAIB74C,2
TFL2BNP4,2
PBD58UHB,1
V48FKOZX,2
AI4HR22S,2
YT5RMPS4,2
AU5DK00B,1
KEUHS5GS,1
FWESB6YJ,2
JDLNZF11,2
HGNPPQJL,1
C82NFIRI,1
0AST5AFY,1
IMU8LPUT,2
A3H8J7X8,2
9D6KKXWB,1
4XAMYC4Q,1
F4MDGF8K,1
1EDCC6PF,2
146CAFW3,1
6NBB42NO,2
6M2DIBIX,1
TUENMLEW,1
G6ZJILXW,2
MXFL65VA,2
W7Q7OJV0,1
Q96M5242,1
HQG9FN8V,1
RN0VOQHM,2
EEVOWET6,2
6MP6JG0A,1
3L16ASCT,1
V7GV340D,2
NQNJ33RA,1
5R1AHN0B,1
48FWNL2A,2
6OWLGKUL,2
N4BUNRT0,2
JO6PO6ZI,2
LM6GXAY9,1
ZQZ8922F,1
LX1910EB,2
VINEEOKD,2
5MC790DU,1
PEBUISPU,1
2IUK7R3J,2
WUM0XLU7,2
6CI9N3SD,2
PEYC4MSA,2
K89ZH4PD,2
ZB0O7B5G,2
BTCI0AQS,2
EN9BHT6Z,1
ERG77N43,2
CGHJKJBU,2
C7916OJ2,1
A2PHUS6H,2
4891C49Y,1
EJHBDV3V,2
96V4ILIN,2
G4SLBUFC,1
Y5XTHEK2,2
9ZDW93WS,1
N1U6QDNB,1
53LCRJ0O,1
VVDD44DP,1
RYLSCI1B,2
1K8NE7IJ,1
YWC2IRM5,2
SMMXJXFB,1
F2OZSB8X,1
NMJMS96U,1
55BPIV6K,1
C8WPXZJT,1
JII4SQN2,2
AJ35XWJU,1
21YXO4SY,2
YJW59B2D,2
XI8RACJH,2
013WGP9A,1
QWG28M61,2
R6OZXK8V,1
62K0SE55,1
5RPFNWZH,2
XAHCYE90,2
BG4LRE5L,2
R0GHOW6V,2
WNMYPLNG,2
IR0HX636,2
HXDGNYCQ,2
0OVMT61U,1
R0IFAWAX,2
R0LQMZYI,1
E8KAF1UV,2
CJY01EMB,1
IOMP3MW2,1
9QJJ8T1H,2
195T4RYJ,1
OL3TCA46,2
DQZQV97Z,2
W84V5KW3,1
BKZZP0J4,2
3ULHF0HX,2
JIBYDG65,2
6Y0HEFPB,2
EPWGL2TP,1
QRDRHTE7,1
4EV6IAU2,1
6MVT5S9N,1
N2S3JHQR,1
E04N783O,1
47C8ILRT,2
BPOOYC73,1
0OS3L984,1
AZDE5MPI,2
BU9XBHAC,1
R48WVTJS,1
6WLT830V,2
XAGJ5PWP,2
VPYHQZAJ,1
D6PUYCNC,1
MTR8V055,2
JYBFIJRQ,1
TKO0QUDF,2
PMO91BEZ,2
09B654QX,1
3R9FNTFP,2
JKR898BS,1
QI1NIX4V,1
A5IIQ39B,2
P42IAEJG,2
NW073ZIK,2
7AGH63DM,2
FRKR68ZL,2
0FKS5V1V,2
YBBA15VO,2
HR5VHBYX,2
8CJ5M5DH,1
KRQ0AY2A,2
WJA8EFVU,2
YJKOUHZA,2
1RNO8R4Y,2
GX0G369W,2
ZFS4KQ43,2
IXM9D75R,2
7LYGKF0H,1
8ZSBN7L6,1
OGN4V0E4,2
2NUGSLGU,1
84FMILD9,2
I968UYPG,1
29000EVK,2
UN1PHYD0,2
5TM18ELM,2
LVSUTWZJ,2
4ZT1QK65,2
SCEOLMS2,1
RJPES1AW,2
6PP5MXMM,2
RWGSZ0SX,1
FDDOBQ0V,2
XMB0NWKE,2
T4N5VIIP,2
MTVAYAA9,1
WE2RASCM,1
D4QWPL1R,1
GEZ51B57,2
KDLK01N2,2
NZW6M3JB,2
9HJ09KTU,1
OVDV8ZP2,1
4VF6R8XO,2
DWWAMZ37,1
B4YPH2WX,1
NM87QACT,1
YMQTJAKM,2
1EAOMF7M,1
IWI0POY3,2
JXJU8PWX,2
6TJ5BOTV,2
NE8MCBUC,2
NQ94YTAQ,1
5WTJB1YE,1
WQQB8AXD,1
YENJHISR,2
AVOKC1R4,1
45KOGL4P,1
HB8LFYS9,1
VUOV5YQI,1
UTPBRAXR,1
I2OWDQNC,1
YHKDVYMU,2
CXS3RI7Z,2
8S9JOJK0,2
JOLSAS9D,2
5KUE29U8,2
EJBR1J92,1
XGIX7T3V,2
U2XT9IK1,2
XPPOINYZ,2
BBUM0DWK,2
JI3PSB0N,1
KLHN3GDE,1
SKNDQ90J,2
3CIYSPYM,1
3OQMGWMO,1
AWLQTC51,2
D2MG9TSZ,2
7H1LQ25Q,2
R0FZXVJE,2
7ELOYIFM,2
EASD1MV2,2
GPK0U8QR,1
ENMTIG4V,1
AT83NF7H,2
T3IZTEBX,2
2DFI1UR6,2
HIDFNWRZ,1
N8EZM1RD,1
IXXSD2MM,2
KNDGDUKN,2
5HSG1RVM,2
M89NWBWO,2
EYX8ERBO,1
4USBLLN1,2
MPC6KJBB,2
SWFXLAHC,1
BQDH6P96,2
J91KKRYB,1
H2D3S0CW,2
3CVY0Y27,2
SRVRNIEX,2
NCOQMZV2,1
LYWM29QC,2
4EZBAUM9,1
0HXEAF9L,1
19Q586RC,2
7BLSA1ZN,2
0BG8ASOX,2
NLR1QW4N,1
8YC40JNP,2
ABMYYE8T,2
4VYCPPTP,1
K0L3V1VP,1
D95MB9PT,2
A8DUSXXR,2
PY8R9665,1
33UWUR5C,1
BVRPDYRV,2
PZ7R93E2,2
T5EA6JXW,2
L7RANCOX,2
WYZ30CLR,2
EG7AMDEV,2
UPC4Q31S,1
BQLPCDTF,2
EYHTOYDG,2
6HJATLZ0,2
T8VFYTOA,1
UT7N616E,2
MPAVNNFR,1
401P3C9U,1
706O91FA,1
YJHOB3I1,2
5GJBBFC3,2
XDWHB60D,2
5L33GD8X,2
MRNPS657,1
N07YPLGF,2
7VL99TS9,2
Z9I3CK61,1
XUHNKCSK,2
B35Y5N0H,2
P5SA7XZM,1
ZEPDB2FS,2
9ZW6QOYJ,2
QDUUWA6J,2
YR0I6XVS,1
KUUNDKKY,1
HT08RQPM,1
Q6D7QRR7,1
YKHDZ1TX,1
F3EN4GBB,1
GC2P7DAI,2
OTB00PWX,2
NG6QRJNL,1
8GTDFVOO,1
MFVGJK1T,2
TN2JX04T,1
PQR8SQFQ,2
3ITE8AXE,1
Y6HC0IIV,1
W9171IHF,2
SSSUQY25,2
ORQUUF8K,2
ZO2ECNOF,2
9LAJXQID,1
HN3GCI77,1
JEXKVLV7,2
CDD9CHG2,2
38OHQ6N1,1
V1DY3EDG,2
TLA6JXBP,2
OTHY3A85,2
E6OE94IO,1
WW5LSGDK,1
D6N1TBKG,2
J14FFO11,1
ILB1J69I,1
ZRAUXNBF,2
89VSJK6J,2
ZZVU56J9,2
6O3SL8V9,2
VTOZF5W7,1
UOB9G686,1
SYOZZI1A,1
YL9SAK0V,1
FLUI08FW,2
PLZHIWQ8,1
EQ3NMTKA,2
4YPQAZG0,1
7TYHCL75,1
1GF3IKH0,2
Q9LAAOI1,2
HYIN7RNJ,1
R3NA9ZHC,2
76PZHM1D,2
DBWJQ6YW,1
6T1QIIEC,1
YAD0GZQA,2
NIAEYYJA,1
4SQDYKJL,1
3HZI0I41,1
7HJC7GEC,2
9EDPWTPK,1
A476SHW3,1
QQGUKBJ7,2
Q40UE5UR,1
IP2C4HIU,2
V9EUTNHA,2
9FYV3XIS,2
NSJSV19K,1
V25HKQX2,2
MF15LC9Y,2
K9DI5AC1,2
XKFTMMZE,2
LVF4IL3R,1
4GF4OKQY,1
XFE521JV,1
RF3P69B3,2
RF2IR2AS,2
MKAMEMBP,1
BMMJVH2P,1
VUCQS9UH,2
PPFFDKNF,1
7PQBHE6J,2
PMNNM5AA,1
OPBEW3MY,2
W07ZU7TL,1
9BNEU8TT,2
WW2VRZ6N,2
RX8EDVD4,1
ZZNN1VJP,1
SDXL8OHN,1
BEC2AC3X,1
R0101FNU,1
P6KA584X,1
7P74BMWQ,1
3IFMYXPK,1
EO9TXIQ3,1
WX2XZATX,2
5DY34WMS,2
7PRX7JCM,1
67PNUQIA,2
M3CWCXGM,2
INNWBJ18,1
7NWQGNBO,2
DYDHYF8X,2
ZQEGP670,2
FBUWWBH0,2
0SYN58YB,2
T0TLXVN0,2
6H502CC3,2
4XIKWOO6,2
55T1L7OD,2
C0RVYOKJ,1
Z2EYU833,1
2T9SJ5M1,1
NIO5GSKW,2
7UNXHP80,2
0921JTVR,2
